"temp_room_id","spot_id","room_code","room_title","room_size_pyeong","room_size_square_meter","room_count","base_count","max_count","offseason_weekday_min_fee","offseason_weekend_min_fee","peak_season_weekday_min_fee","peak_season_weekend_min_fee","room_intro","has_bath_facility","has_bath","has_home_theater","has_air_condition","has_tv","has_pc","has_cable","has_internet","has_refrigerator","has_toiletries","has_sofa","has_cook","has_table","has_hairdryer"
1,3102030,,한옥독채,"30","99.2","1","4","10","0","0","0","0",,Y,Y,,Y,Y,,Y,Y,Y,Y,Y,Y,Y,Y
1,3102108,,독채,"13","43","1","2","4","400000","500000","450000","550000",,Y,Y,Y,Y,Y,,,Y,Y,Y,Y,Y,Y,Y
1,3102089,,본채,"10","33.1","2","2","3","200000","240000","270000","300000",,Y,Y,,Y,Y,,Y,Y,Y,Y,,,,Y
2,3102089,,사랑채,"13","43","2","2","3","300000","350000","400000","450000",,Y,Y,,Y,Y,,Y,Y,Y,Y,,,,Y
3,3102089,,안채,"20","66.2","1","2","4","350000","400000","500000","550000",,Y,Y,,Y,Y,,Y,Y,Y,Y,,,,Y
4,3102089,,별채,"10","33.1","2","2","2","190000","230000","250000","270000",,Y,Y,,Y,Y,,Y,Y,Y,Y,,,,Y
1,3044584,,트윈룸(2인실),"5","16","5","2","2","60000","100000","60000","100000",,Y,,,Y,,,,,,,,,,Y
2,3044584,,싱글룸 (1인실),"4","13","1","1","1","40000","60000","40000","60000",,Y,,,Y,,,,,,,,,,Y
3,3044584,,트리플룸(3인실),"6","19","1","3","3","80000","140000","80000","140000",,Y,,,,,,,,,,,,,Y
1,3102224,,HILLS_B,"28","93","1","2","6","280000","450000","500000","600000",,Y,Y,,Y,Y,,,Y,Y,Y,Y,Y,Y,Y
2,3102224,,HILLS_카라반,"6","23","1","2","3","150000","220000","200000","270000","탁 트인 전망, 넓은 야외수영장, 감성의 불멍, 야외 바비큐장 등의 세심한배려가 더해진 카라반에서 캠핑의 낭만과 즐거움을 경험하실수 있습니다.",Y,,,Y,Y,,,Y,Y,Y,Y,Y,Y,Y
3,3102224,,HILLS_A,"28","93","1","2","6","280000","450000","500000","600000","화이트톤의 아늑하고 고급스런 인테리어와 취사가 가능한 넓은 키친 시설, 심신의 피로를 풀 수 있는 온수 자쿠지, 넓은 야외 수영장과 특급 서비스가 겸비된 객실은 실속형 여행객은 물론 장기 투숙객에게 안성맞춤인 객실입니다.",Y,Y,,Y,Y,,,Y,Y,Y,Y,Y,Y,Y
1,3102074,,알천스테이(독채),"10","33","1","2","4","250000","380000","0","0",전통한옥을 정성으로 수선하여 현대적인 감각으로 재탄생한 알천스테이는 경주 여행하기에 최적이라 자부합니다. 고즈넉한 감성을 느낄 수 있고 편안한 힐링의 공간을 제공합니다.,Y,Y,,Y,Y,,Y,Y,Y,Y,Y,Y,Y,Y
1,3049899,,스탠다드 더블,"0","0","0","2","2","0","0","0","0",,Y,Y,,Y,Y,Y,Y,Y,Y,Y,Y,,Y,Y
2,3049899,,슈페리어 트윈,"10","33","0","2","4","0","0","0","0",,Y,Y,,Y,Y,Y,Y,Y,Y,Y,Y,,Y,Y
3,3049899,,프리미엄 스위트 트윈-복층,"0","0","0","2","8","0","0","0","0",,Y,Y,,Y,Y,Y,Y,Y,Y,Y,Y,,Y,Y
4,3049899,,패밀리 트윈,"0","0","0","2","4","0","0","0","0",,Y,Y,,Y,Y,Y,Y,Y,Y,Y,Y,,Y,Y
5,3049899,,슈페리어 더블,"9","29","0","2","4","0","0","0","0",,Y,Y,,Y,Y,Y,Y,Y,Y,Y,Y,,Y,Y
6,3049899,,디럭스 더블,"0","0","0","2","2","0","0","0","0",,Y,Y,,Y,Y,Y,Y,Y,Y,Y,Y,,Y,Y
7,3049899,,패밀리 사우나,"0","0","0","2","4","0","0","0","0",,Y,Y,,Y,Y,Y,Y,Y,Y,Y,Y,,Y,Y
1,3106613,,월정교,"5","18","1","2","2","120000","0","150000","160000",,Y,,,Y,Y,,Y,Y,Y,Y,,,Y,Y
2,3106613,,천마총,"5","18","1","2","2","120000","0","150000","160000",,Y,,,Y,Y,,Y,Y,Y,Y,,,Y,Y
3,3106613,,안압지,"5","18","1","2","2","120000","0","150000","160000",,Y,,,Y,Y,,Y,Y,Y,Y,,,Y,Y
4,3106613,,첨성대,"5","18","1","2","3","130000","160000","160000","170000",,Y,,,Y,Y,,Y,Y,Y,Y,,,Y,Y
5,3106613,,불국사,"7","26","1","2","3","150000","180000","180000","190000",,Y,,,Y,Y,,Y,Y,Y,Y,,,Y,Y
6,3106613,,석굴암,"7","26","1","2","4","150000","180000","180000","190000",,Y,,,Y,Y,,Y,Y,Y,Y,,,Y,Y
7,3106613,,분황사,"5","18","1","2","2","120000","150000","150000","160000",,Y,,,Y,Y,,Y,Y,Y,Y,,,Y,Y
1,3101949,,한옥독채,"6","20","2","2","6","285000","450000","450000","450000","침대방, 거실 및 주방, 전통 온돌방/ 예약가격에는 자쿠지는 무료임",Y,Y,Y,,Y,Y,Y,,Y,Y,Y,Y,Y,Y
1,3049913,,온돌,"0","0","0","3","3","0","0","0","0",,Y,,,Y,Y,Y,,Y,Y,Y,Y,,Y,Y
2,3049913,,스탠다드,"0","0","0","2","2","0","0","0","0",,Y,Y,,Y,Y,Y,,Y,Y,Y,,,Y,Y
3,3049913,,VIP,"0","0","0","3","3","0","0","0","0",,Y,Y,,Y,Y,Y,,Y,Y,Y,Y,,Y,Y
4,3049913,,디럭스,"0","0","0","2","2","0","0","0","0",,Y,Y,,Y,Y,Y,,Y,Y,Y,Y,,Y,Y
1,3049879,,패밀리 더블룸,"0","0","0","4","4","0","0","0","0",,Y,,,,,,,Y,,,,,,
2,3049879,,더블룸,"0","0","0","2","2","0","0","0","0",,Y,,,,,,,Y,,,,,,
3,3049879,,공용 도미토리,"0","0","0","0","0","0","0","0","0",,,,,,,,,Y,,,,,,
1,1954014,,스탠다드 더블룸(랜덤배정),"14","0","0","2","4","150000","190000","0","0",※ 위 정보는 2025년 10월에 작성된 정보로 해당 숙박시설 이용 요금이 수시로 변동됨에 따라 이용요금 및 기타 자세한 사항은 홈페이지 참조 요망,Y,,,Y,Y,,Y,Y,Y,,,Y,Y,Y
1,143008,,스탠다드 더블,"0","29.5","3","2","2","286000","286000","286000","286000",※ 위 정보는 2025년 10월에 작성된 정보로 해당 숙박시설 이용 요금이 수시로 변동됨에 따라 이용요금 및 기타 자세한 사항은 홈페이지 참조 요망,Y,,,Y,Y,,Y,Y,Y,,,,Y,Y
2,143008,,패밀리 스위트,"9","29","7","2","2","484000","484000","484000","484000",※ 위 정보는 2025년 10월에 작성된 정보로 해당 숙박시설 이용 요금이 수시로 변동됨에 따라 이용요금 및 기타 자세한 사항은 홈페이지 참조 요망,Y,Y,,Y,Y,,Y,Y,Y,,Y,,Y,Y
2,3049878,,일반실,"0","0","0","0","0","0","0","0","0",,Y,Y,,Y,Y,Y,,,,,Y,,Y,
3,3049878,,특실(하늘열리는방),"0","0","0","0","0","0","0","0","0",,Y,Y,,Y,Y,Y,,,,,Y,,Y,
1,3101953,,아랫채,"0","0","1","2","4","0","0","0","0","방 1개, 욕실 1개",,,,,,,,,,,,,,
2,3101953,,"도령실 1,2,3","0","0","3","2","2","0","0","120000","0","작은 2인실/ 한건물에 3개 숙소, 각 숙소에 개인 방, 개인 작은 파우더룸, 개인 화장실",,,,Y,,,,,Y,Y,,,,
3,3101953,,안채,"0","0","1","2","6","0","0","0","0","큰 방 1개, 작은 방 1개, 큰 마루 1개, 욕실 1개",,,,Y,,,,,Y,Y,,,,
4,3101953,,대감실,"0","0","1","2","4","0","0","0","0","방 1개, 마루 1개, 욕실 1개/ 4인 이상시 두 방 모두 예약하면 독채로 사용 가능. 유아도 인원에 포함.",,,,Y,,,,,Y,Y,,,,
5,3101953,,마님실,"0","0","1","2","4","0","0","0","0","방 1개, 마루 1개, 욕실 1개/ 4인 이상시 두 방 모두 예약하면 독채로 사용 가능. 유아도 인원에 포함.",,,,Y,,,,,Y,Y,,,,
6,3101953,,사랑채,"0","0","1","2","6","0","0","0","0","독채 단독 건물/ 큰 방 1개, 큰 마루 1개, 욕실 1개",,,,Y,,,,,Y,Y,,,,
4,3049879,,싱글룸,"0","0","0","1","1","0","0","0","0",,Y,,,,,,,Y,,,,,,
1,3102072,,여유,"10","33.1","1","2","3","0","0","280000","300000",,Y,Y,,Y,,,,Y,Y,Y,,,Y,Y
2,3102072,,여행,"10","35","1","2","3","0","0","280000","300000",,Y,Y,,Y,,,,Y,Y,Y,,,Y,Y
1,3102073,,오원 스테이,"0","0","1","2","4","0","0","0","0",,Y,,Y,Y,,,,Y,Y,Y,,Y,Y,Y
1,3101941,,두리안룸,"0","0","2","2","4","110000","110000","120000","140000",,Y,,,Y,,,,Y,,,,,Y,
2,3101941,,블루베리룸,"0","0","2","2","4","110000","110000","120000","140000",,Y,,,Y,,,,Y,,,,,Y,
3,3101941,,체리룸,"0","0","1","2","2","80000","110000","100000","120000",,Y,,,Y,,,,Y,,,,,Y,
4,3101941,,애플룸,"0","0","1","2","3","110000","110000","120000","140000",,Y,,,Y,,,,Y,,,,,Y,
3,143008,,스탠다드 트윈,"0","29.5","14","2","3","297000","297000","297000","297000",※ 위 정보는 2025년 10월에 작성된 정보로 해당 숙박시설 이용 요금이 수시로 변동됨에 따라 이용요금 및 기타 자세한 사항은 홈페이지 참조 요망,Y,,,Y,Y,,Y,Y,Y,,,,Y,Y
4,143008,,디럭스 더블,"0","29.5","10","2","2","297000","297000","297000","297000",※ 위 정보는 2025년 10월에 작성된 정보로 해당 숙박시설 이용 요금이 수시로 변동됨에 따라 이용요금 및 기타 자세한 사항은 홈페이지 참조 요망,Y,,,Y,Y,,Y,Y,Y,,,,Y,Y
5,143008,,패밀리 트윈,"0","29.5","13","3","4","352000","352000","352000","352000",※ 위 정보는 2025년 10월에 작성된 정보로 해당 숙박시설 이용 요금이 수시로 변동됨에 따라 이용요금 및 기타 자세한 사항은 홈페이지 참조 요망,Y,Y,,Y,Y,,Y,Y,Y,,Y,,,Y
6,143008,,디럭스 트윈,"0","29.5","815","2","3","319000","319000","319000","319000",※ 위 정보는 2025년 10월에 작성된 정보로 해당 숙박시설 이용 요금이 수시로 변동됨에 따라 이용요금 및 기타 자세한 사항은 홈페이지 참조 요망,Y,,,Y,Y,,Y,Y,Y,,,,Y,Y
7,143008,,스탠다드 온돌,"0","23","5","3","4","286000","286000","286000","286000",※ 위 정보는 2025년 10월에 작성된 정보로 해당 숙박시설 이용 요금이 수시로 변동됨에 따라 이용요금 및 기타 자세한 사항은 홈페이지 참조 요망,Y,,,Y,Y,,Y,Y,Y,,,,Y,Y
8,143008,,이그제큐티브  스위트,"0","66","3","4","6","550000","550000","550000","550000",※ 위 정보는 2025년 10월에 작성된 정보로 해당 숙박시설 이용 요금이 수시로 변동됨에 따라 이용요금 및 기타 자세한 사항은 홈페이지 참조 요망,Y,,,Y,Y,,Y,Y,Y,Y,,,Y,Y
1,2706608,,온돌 2인 트윈룸(2층),"0","0","1","2","2","100000","150000","0","0",※ 위 정보는 2025년 10월에 작성된 정보로 해당 숙박시설 이용 요금이 수시로 변동됨에 따라 이용요금 및 기타 자세한 사항은 홈페이지 참조 요망,Y,,,Y,Y,,Y,Y,Y,,,,Y,Y
2,2706608,,"2인 더블룸 (2층 침대방)","0","0","1","2","2","200000","300000","0","0",※ 위 정보는 2025년 10월에 작성된 정보로 해당 숙박시설 이용 요금이 수시로 변동됨에 따라 이용요금 및 기타 자세한 사항은 홈페이지 참조 요망,Y,,,Y,Y,,Y,Y,Y,,,,Y,Y
1,3049911,,대가족실,"25","82","1","6","6","0","0","339000","339000",킹 침대 2개,Y,Y,,Y,Y,,Y,Y,Y,Y,Y,Y,Y,Y
2,3049911,,"5인 객실","18","59","1","5","0","0","0","200000","200000","킹 침대 1, 퀸 침대 1",Y,Y,,Y,Y,,Y,Y,Y,Y,Y,Y,Y,Y
3,3049911,,"4인 객실","12","39","8","4","5","0","0","179000","179000",저상형 베드 2개,Y,Y,Y,Y,Y,,Y,Y,Y,Y,Y,,Y,Y
4,3049911,,"1인 출장객실","9","29","0","1","2","0","0","0","0",황토와 편백 나무의 친환경 소재로 만들어진 출장 객실 / 장기 숙박 예약도 이용 가능 / ※ 주말 예약불가,Y,,,Y,Y,,Y,Y,Y,Y,,,,Y
5,3049911,,"3인 객실","12","39","6","3","3","0","0","129000","149000",저상형 침대,Y,Y,,Y,Y,,Y,Y,Y,Y,Y,,Y,Y
6,3049911,,"2인 객실","18","59","6","2","2","0","0","139000","139000",킹침대,Y,Y,,Y,Y,,Y,Y,Y,Y,Y,,Y,Y
1,912647,,안나수이,"15","49","1","2","4","0","0","0","0",※ 위 정보는 2025년 9월에 작성된 정보로 해당 숙박시설 이용 요금이 수시로 변동됨에 따라 이용요금 및 기타 자세한 사항은 홈페이지 참조 요망,Y,,,Y,Y,,Y,,Y,Y,,Y,Y,Y
2,912647,,타임스퀘어,"15","49","1","2","4","0","0","0","0",※ 위 정보는 2025년 9월에 작성된 정보로 해당 숙박시설 이용 요금이 수시로 변동됨에 따라 이용요금 및 기타 자세한 사항은 홈페이지 참조 요망,Y,,,Y,Y,,Y,,Y,Y,,Y,Y,Y
3,912647,,스피드레이싱,"25","82","1","4","4","0","0","0","0",※ 위 정보는 2025년 9월에 작성된 정보로 해당 숙박시설 이용 요금이 수시로 변동됨에 따라 이용요금 및 기타 자세한 사항은 홈페이지 참조 요망,Y,,,Y,Y,,Y,,Y,Y,,Y,Y,Y
4,912647,,런던러브,"17","56","1","2","6","0","0","0","0",※ 위 정보는 2025년 9월에 작성된 정보로 해당 숙박시설 이용 요금이 수시로 변동됨에 따라 이용요금 및 기타 자세한 사항은 홈페이지 참조 요망,Y,,,Y,Y,,Y,,Y,Y,,Y,Y,Y
5,912647,,핑크홀릭,"13","42","1","2","3","0","0","0","0",※ 위 정보는 2025년 9월에 작성된 정보로 해당 숙박시설 이용 요금이 수시로 변동됨에 따라 이용요금 및 기타 자세한 사항은 홈페이지 참조 요망,Y,,,Y,Y,,Y,,Y,Y,,Y,Y,Y
6,912647,,인마이룸,"17","56","1","2","3","0","0","0","0",※ 위 정보는 2025년 9월에 작성된 정보로 해당 숙박시설 이용 요금이 수시로 변동됨에 따라 이용요금 및 기타 자세한 사항은 홈페이지 참조 요망,Y,,,Y,Y,,Y,,Y,Y,,Y,Y,Y
7,912647,,메이블루,"25","82","1","4","4","0","0","0","0",※ 위 정보는 2025년 9월에 작성된 정보로 해당 숙박시설 이용 요금이 수시로 변동됨에 따라 이용요금 및 기타 자세한 사항은 홈페이지 참조 요망,Y,,,Y,Y,,Y,,Y,Y,,Y,Y,Y
1,1867200,,요석,"13","42","0","2","4","100000","120000","120000","120000",※ 위 정보는 2025년 9월에 작성된 정보로 해당 숙박시설 이용 요금이 수시로 변동됨에 따라 이용요금 및 기타 자세한 사항은 홈페이지 참조 요망,,,,Y,Y,,,,Y,Y,,Y,,Y
2,1867200,,알지,"17","56.1","0","6","6","170000","200000","200000","200000",※ 위 정보는 2025년 9월에 작성된 정보로 해당 숙박시설 이용 요금이 수시로 변동됨에 따라 이용요금 및 기타 자세한 사항은 홈페이지 참조 요망,,,,Y,Y,,,,Y,Y,,Y,,Y
3,1867200,,시림,"17","56.1","0","6","6","170000","200000","200000","200000",※ 위 정보는 2025년 9월에 작성된 정보로 해당 숙박시설 이용 요금이 수시로 변동됨에 따라 이용요금 및 기타 자세한 사항은 홈페이지 참조 요망,,,,Y,Y,,,,Y,Y,,Y,,Y
4,1867200,,아사녀,"13","42.9","0","2","4","100000","120000","120000","120000",※ 위 정보는 2025년 9월에 작성된 정보로 해당 숙박시설 이용 요금이 수시로 변동됨에 따라 이용요금 및 기타 자세한 사항은 홈페이지 참조 요망,,,,Y,Y,,,,Y,Y,,Y,,Y
5,1867200,,시림+알지,"17","56.1","0","12","12","340000","400000","400000","400000",※ 위 정보는 2025년 9월에 작성된 정보로 해당 숙박시설 이용 요금이 수시로 변동됨에 따라 이용요금 및 기타 자세한 사항은 홈페이지 참조 요망,,,,Y,Y,,,,Y,Y,,Y,,Y
6,1867200,,아사달,"13","42.9","0","2","4","100000","120000","120000","120000",※ 위 정보는 2025년 9월에 작성된 정보로 해당 숙박시설 이용 요금이 수시로 변동됨에 따라 이용요금 및 기타 자세한 사항은 홈페이지 참조 요망,,,,Y,Y,,,,Y,Y,,Y,,Y
1,2531362,,달,"4","13.2","0","4","4","100000","159000","189000","259000",※ 위 정보는 2025년 9월에 작성된 정보로 해당 숙박시설 이용 요금이 수시로 변동됨에 따라 이용요금 및 기타 자세한 사항은 홈페이지 참조 요망,Y,,,Y,,,,Y,Y,Y,,Y,,Y
2,2531362,,별,"5","16.5","0","6","6","130000","189000","209000","289000",※ 위 정보는 2025년 9월에 작성된 정보로 해당 숙박시설 이용 요금이 수시로 변동됨에 따라 이용요금 및 기타 자세한 사항은 홈페이지 참조 요망,Y,,,Y,,,,Y,Y,Y,,Y,,Y
3,2531362,,독채,"24","79.3","0","10","10","439000","599000","620000","710000",※ 위 정보는 2025년 9월에 작성된 정보로 해당 숙박시설 이용 요금이 수시로 변동됨에 따라 이용요금 및 기타 자세한 사항은 홈페이지 참조 요망,Y,,,Y,,,,Y,Y,Y,,Y,,Y
4,2531362,,해바라기,"3","13.2","0","4","3","90000","139000","179000","239000",※ 위 정보는 2025년 9월에 작성된 정보로 해당 숙박시설 이용 요금이 수시로 변동됨에 따라 이용요금 및 기타 자세한 사항은 홈페이지 참조 요망,Y,,,Y,,,,Y,Y,Y,,Y,,Y
1,3102081,,한옥 독채,"25","82.5","1","2","6","0","0","290000","390000","위 정보는 2025년 7월에 작성된 정보로(정상요금), 해당 숙박시설 이용요금이 수시로 변동됨에 따라 이용요금 및 기타 자세한 사항은 홈페이지 참조 요망",Y,Y,Y,Y,Y,,,Y,Y,Y,Y,Y,Y,Y
2,3102081,,언덕룸(2인실),"0","0","1","2","2","0","0","0","0","※ 위 정보는 2025년 7월에 작성된 정보로(정상요금), 해당 숙박시설 이용요금이 수시로 변동됨에 따라 이용요금 및 기타 자세한 사항은 홈페이지 참조 요망",Y,,,Y,Y,,Y,Y,Y,Y,,,Y,Y
3,3102081,,동녘룸(2인실),"0","0","1","2","2","0","0","0","0","※ 위 정보는 2025년 7월에 작성된 정보로(정상요금), 해당 숙박시설 이용요금이 수시로 변동됨에 따라 이용요금 및 기타 자세한 사항은 홈페이지 참조 요망",Y,,,Y,Y,,Y,Y,Y,Y,,,Y,Y
1,3082026,,둘,"21","70","2","2","5","230000","450000","550000","550000",※ 위 정보는 2025년 8월에 작성된 정보로 해당 숙박시설 이용 요금이 수시로 변동됨에 따라 이용요금 및 기타 자세한 사항은 홈페이지 참조 요망,Y,Y,,Y,Y,,Y,Y,Y,Y,Y,Y,Y,Y
2,3082026,,하나,"21","70","2","2","5","230000","450000","320000","550000",※ 위 정보는 2025년 8월에 작성된 정보로 해당 숙박시설 이용 요금이 수시로 변동됨에 따라 이용요금 및 기타 자세한 사항은 홈페이지 참조 요망,Y,Y,,Y,Y,,Y,Y,Y,Y,Y,Y,Y,Y
3,3082026,,셋,"21","70","2","2","5","230000","450000","550000","550000",※ 위 정보는 2025년 8월에 작성된 정보로 해당 숙박시설 이용 요금이 수시로 변동됨에 따라 이용요금 및 기타 자세한 사항은 홈페이지 참조 요망,Y,Y,,Y,Y,,Y,Y,Y,Y,Y,Y,Y,Y
1,2000964,,별당 큰방,"5","18","0","2","2","300000","300000","300000","300000","※ 위 정보는 2025년 4월에 작성된 정보로(정상요금), 해당 숙박시설 이용요금이 수시로 변동됨에 따라 이용요금 및 기타 자세한 사항은 홈페이지 참조 요망",Y,,,Y,,,,,,,,,,
2,2000964,,행랑방,"1","4","0","2","2","150000","150000","150000","150000","※ 위 정보는 2025년 4월에 작성된 정보로(정상요금), 해당 숙박시설 이용요금이 수시로 변동됨에 따라 이용요금 및 기타 자세한 사항은 홈페이지 참조 요망",,,,,,,,,,,,,,
3,2000964,,안채 안방,"4","14","0","2","2","500000","500000","500000","500000","※ 위 정보는 2025년 4월에 작성된 정보로(정상요금), 해당 숙박시설 이용요금이 수시로 변동됨에 따라 이용요금 및 기타 자세한 사항은 홈페이지 참조 요망",,,,,,,,,,,,,,
4,2000964,,정지방,"1","4","0","2","2","150000","150000","150000","150000","※ 위 정보는 2025년 4월에 작성된 정보로(정상요금), 해당 숙박시설 이용요금이 수시로 변동됨에 따라 이용요금 및 기타 자세한 사항은 홈페이지 참조 요망",,,,Y,,,,,,,,,,
5,2000964,,안채 건넌방,"1","4","0","2","2","250000","250000","250000","250000","※ 위 정보는 2025년 4월에 작성된 정보로(정상요금), 해당 숙박시설 이용요금이 수시로 변동됨에 따라 이용요금 및 기타 자세한 사항은 홈페이지 참조 요망",,,,,,,,,,,,,,
6,2000964,,사랑채 사랑방,"2","7","0","2","2","500000","500000","500000","500000","※ 위 정보는 2025년 4월에 작성된 정보로(정상요금), 해당 숙박시설 이용요금이 수시로 변동됨에 따라 이용요금 및 기타 자세한 사항은 홈페이지 참조 요망",,,,,,,,,,,,,,
1,3044607,,"103","22","72","1","2","4","250000","250000","0","0",※ 위 정보는 2025년 2월에 작성된 정보로 해당 숙박시설 이용 요금이 수시로 변동됨에 따라 이용요금 및 기타 자세한 사항은 홈페이지 참조 요망,Y,,,Y,Y,,,Y,Y,Y,Y,Y,Y,Y
2,3044607,,"203 / 303","14","46","1","2","4","200000","200000","0","0",※ 위 정보는 2025년 2월에 작성된 정보로 해당 숙박시설 이용 요금이 수시로 변동됨에 따라 이용요금 및 기타 자세한 사항은 홈페이지 참조 요망,Y,,,Y,Y,,,Y,Y,Y,Y,Y,Y,Y
3,3044607,,"201 / 301","14","46","1","2","4","200000","200000","0","0",※ 위 정보는 2025년 2월에 작성된 정보로 해당 숙박시설 이용 요금이 수시로 변동됨에 따라 이용요금 및 기타 자세한 사항은 홈페이지 참조 요망,Y,,,Y,Y,,,Y,Y,Y,Y,Y,Y,Y
4,3044607,,"101","18","59","1","2","4","250000","250000","0","0",※ 위 정보는 2025년 2월에 작성된 정보로 해당 숙박시설 이용 요금이 수시로 변동됨에 따라 이용요금 및 기타 자세한 사항은 홈페이지 참조 요망,Y,,,Y,Y,,,Y,Y,Y,Y,Y,Y,Y
5,3044607,,"1103","38","125","2","6","10","600000","600000","0","0",※ 위 정보는 2025년 2월에 작성된 정보로 해당 숙박시설 이용 요금이 수시로 변동됨에 따라 이용요금 및 기타 자세한 사항은 홈페이지 참조 요망,Y,,,Y,Y,,,Y,Y,Y,Y,Y,Y,Y
6,3044607,,"1101","20","66","1","2","4","250000","250000","0","0",※ 위 정보는 2025년 2월에 작성된 정보로 해당 숙박시설 이용 요금이 수시로 변동됨에 따라 이용요금 및 기타 자세한 사항은 홈페이지 참조 요망,Y,,,Y,Y,,,Y,Y,Y,Y,Y,Y,Y
7,3044607,,"102","18","59","1","2","4","250000","250000","0","0",※ 위 정보는 2025년 2월에 작성된 정보로 해당 숙박시설 이용 요금이 수시로 변동됨에 따라 이용요금 및 기타 자세한 사항은 홈페이지 참조 요망,Y,,,Y,Y,,,Y,Y,Y,Y,Y,Y,Y
8,3044607,,"1102","40","132","2","6","12","600000","600000","0","0",※ 위 정보는 2025년 2월에 작성된 정보로 해당 숙박시설 이용 요금이 수시로 변동됨에 따라 이용요금 및 기타 자세한 사항은 홈페이지 참조 요망,Y,,,Y,Y,,,Y,Y,Y,Y,Y,Y,Y
9,3044607,,"202 / 302","14","46","1","2","4","200000","200000","0","0",※ 위 정보는 2025년 2월에 작성된 정보로 해당 숙박시설 이용 요금이 수시로 변동됨에 따라 이용요금 및 기타 자세한 사항은 홈페이지 참조 요망,Y,,,Y,Y,,,Y,Y,Y,Y,Y,Y,Y
1,2814160,,오우가 2층,"12","40","1","2","4","0","0","0","0","온돌룸A(여분 침구류2)+화장실1, 테라스바베큐가능
",Y,,,Y,Y,,Y,Y,Y,Y,,Y,Y,Y
2,2814160,,복연가1,"20","66","1","3","6","0","0","0","0","복층,테라스바베큐가능
",Y,,Y,Y,Y,,Y,Y,Y,Y,,Y,Y,Y
3,2814160,,오우가 1층,"12","40","1","2","4","0","0","0","0","온돌룸A(여분 침구류2)+화장실1, 테라스바베큐가능
",Y,,Y,Y,Y,,Y,Y,Y,Y,,Y,,Y
4,2814160,,복연가2,"7","27","1","2","3","0","0","0","0","온돌룸A(여분 침구류1)+화장실1, 테라스바베큐가능
",Y,,,Y,Y,,Y,Y,Y,Y,,Y,Y,Y
5,2814160,,다빈치글램핑,"20","66","1","2","2","0","0","0","0","침대룸A(더블1)+화장실1, 독채,테라스바베큐가능",Y,,,Y,Y,,Y,Y,Y,Y,,Y,Y,Y
6,2814160,,"글램핑(인디안, 스머프, 밀덕)","20","66","1","2","4","0","0","0","0","침대룸A(더블1)+화장실1, 복층,테라스바베큐가능,독채",Y,,,Y,Y,,Y,Y,Y,Y,,Y,Y,Y
1,2707233,,"2102","0","0","0","2","2","150000","170000","170000","190000",,,,,Y,Y,,,Y,,Y,,,,
2,2707233,,"2101","0","0","0","2","2","150000","170000","170000","190000",,,,,Y,Y,,,Y,,Y,,,,
3,2707233,,"3102","0","0","0","2","2","150000","170000","170000","190000",,,,,Y,Y,,,Y,,Y,,,,
4,2707233,,"3101","0","0","0","2","2","170000","190000","190000","210000",,,,,Y,Y,,,,,Y,,,,
5,2707233,,"2103","0","0","0","2","2","150000","170000","170000","190000",,,,,Y,Y,,,Y,,Y,,,,
6,2707233,,"2202","0","0","0","2","2","190000","210000","210000","230000",,,,,Y,Y,,,Y,,Y,,,,
7,2707233,,"2201","0","0","0","2","4","300000","330000","330000","360000",,,,,Y,Y,,,Y,,Y,,,,
1,1972448,,"5호실","4","13","0","2","2","100000","120000","140000","140000",※ 객실에 관한 자세한 사항은 전화 문의 요망,,,,Y,Y,,Y,Y,,Y,,,,Y
2,1972448,,"3호실","5","16","0","2","2","100000","120000","140000","140000",※ 객실에 관한 자세한 사항은 전화 문의 요망,,,,Y,Y,,Y,Y,,Y,,,,Y
3,1972448,,"1호실","5","16","0","2","2","100000","120000","140000","140000",※ 객실에 관한 자세한 사항은 전화 문의 요망,,,,Y,Y,,Y,Y,,Y,,,,Y
4,1972448,,"2호실","4","13","0","2","2","100000","120000","140000","140000",※ 객실에 관한 자세한 사항은 전화 문의 요망,,,,Y,Y,,Y,Y,,Y,,,,Y
1,2446529,,씨밀레 / 누리,"4","13.5","2","2","4","80000","100000","90000","110000",,Y,,,Y,Y,,Y,Y,,Y,,,,Y
2,2446529,,도담 / 초롱,"2","9","2","2","3","70000","90000","80000","100000",,Y,,,Y,Y,,Y,Y,,Y,,,,Y
1,1971917,,유채꽃,"5","178","0","2","3","80000","95000","135000","155000",,,,,Y,Y,,,Y,Y,,,,Y,Y
2,1971917,,선덕,"7","23","0","2","4","90000","105000","145000","165000",,Y,,,Y,Y,,,Y,Y,Y,,,,Y
3,1971917,,문무,"4","13","0","2","2","70000","85000","145000","165000",,,,,Y,Y,,,Y,Y,Y,,,,Y
4,1971917,,벚꽃,"7","23","0","2","3","90000","105000","145000","165000",,Y,,,Y,Y,,,Y,Y,Y,,,,Y
5,1971917,,동궁,"4","13","0","2","2","70000","85000","125000","145000",,,,,Y,Y,,,Y,Y,,,,,Y
6,1971917,,계림,"4","13","0","2","2","70000","85000","125000","145000",,Y,,,Y,Y,,,Y,Y,Y,,,,Y
7,1971917,,불국,"4","15","0","2","2","65000","80000","125000","145000",,Y,,,Y,Y,,,Y,Y,Y,,,,Y
8,1971917,,연꽃,"5","17","0","2","3","80000","95000","135000","155000",,,,,Y,Y,,,Y,Y,,,,Y,Y
9,1971917,,진흥,"7","23","0","2","4","90000","105000","145000","165000",,Y,,,Y,Y,,,Y,Y,Y,,,,Y
10,1971917,,보문,"4","15","0","2","2","65000","80000","125000","145000",,Y,,,Y,Y,,,Y,Y,Y,,,,Y
1,2531357,,독채,"25","83","0","10","13","500000","509000","500000","509000",,,,,Y,,,,Y,Y,Y,,,,Y
2,2531357,,국화,"4","14","0","2","3","99000","245000","159000","279000",,,,,Y,,,,Y,Y,Y,,,,Y
3,2531357,,매화 / 난초,"3","10","0","2","2","89000","215000","145000","265000",,,,,Y,,,,,Y,Y,,,,Y
4,2531357,,대나무,"8","27","0","2","6","129000","285000","175000","305000",,,,,Y,,,,,Y,Y,,,,Y
1,2595871,,누리,"5","15","0","2","3","90000","140000","150000","150000",,Y,,,Y,Y,,Y,Y,Y,Y,,,Y,Y
2,2595871,,도솔,"5","15","0","2","3","90000","140000","150000","150000",,,Y,,Y,Y,,Y,Y,Y,Y,,,Y,Y
3,2595871,,나래,"5","15","0","2","3","90000","140000","150000","150000",,Y,,,Y,Y,,Y,Y,Y,Y,,,Y,Y
4,2595871,,가연,"3","12","0","2","2","70000","120000","130000","130000",,Y,,,Y,Y,,Y,Y,Y,Y,,,Y,Y
5,2595871,,도담,"5","15","0","2","3","90000","140000","150000","150000",,Y,,,Y,Y,,Y,Y,Y,Y,,,Y,Y
6,2595871,,늘봄,"5","15","0","2","3","90000","140000","150000","150000",,Y,,,Y,Y,,Y,Y,Y,Y,,,Y,Y
1,3102206,,독채 (상현방+하현방),"0","0","1","4","6","0","0","0","0","4인기준(최대 6인) 1박당 1인요금 30,000원입니다. (유아도 1인에 포함됩니다.)",Y,Y,,Y,,,,Y,Y,Y,,Y,Y,Y
1,1972397,,온돌스위트 (온돌),"6","21.2","0","3","4","139000","165000","170000","200000",,Y,,,Y,Y,,Y,Y,Y,Y,,,Y,Y
2,1972397,,누마루 스위트,"15","50.4","0","6","8","289000","359000","400000","500000",,Y,Y,,Y,Y,,Y,Y,Y,Y,,,Y,Y
3,1972397,,온돌3인,"5","18.9","0","3","4","119000","149000","160000","180000",,Y,,,Y,Y,,Y,Y,Y,Y,,,Y,Y
4,1972397,,"스위트 슈페리어(온돌룸,침대룸)","9","30.24","0","4","5","189000","229000","250000","300000",,Y,,,Y,Y,,Y,Y,Y,Y,,,Y,Y
5,1972397,,온돌2인,"4","16.2","0","2","3","89000","129000","120000","150000",,Y,,,Y,Y,,Y,Y,Y,Y,,,Y,Y
6,1972397,,"패밀리 스위트(온돌룸, 침대룸)","12","40.46","0","4","6","229000","299000","300000","400000",,Y,,,Y,Y,,Y,Y,Y,Y,,,Y,Y
7,1972397,,온돌스위트 (침실),"6","21.2","0","2","3","139000","165000","170000","200000",,Y,,,Y,Y,,Y,Y,Y,Y,,,Y,Y
1,2706685,,"4인실 가족룸","4","16","0","4","5","80000","0","90000","0",,Y,,,Y,Y,,,Y,,Y,,,,Y
2,2706685,,"1인실","3","12","0","1","1","29000","35000","0","0",,Y,,,Y,Y,,,Y,,Y,,,,Y
3,2706685,,"2인실 싱글침대형","3","12","0","2","2","40000","50000","0","0",,Y,,,Y,Y,,,Y,,Y,,,,Y
1,2707242,,무열,"6","23","0","2","2","120000","140000","150000","160000",,Y,,,Y,Y,,Y,Y,Y,Y,,,,Y
2,2707242,,흥무,"6","23","0","2","2","120000","140000","150000","160000",,Y,,,Y,Y,,Y,Y,Y,Y,,,,Y
3,2707242,,진흥,"6","23","0","2","3","120000","140000","150000","160000",,Y,,,Y,Y,,Y,Y,Y,Y,,,,Y
4,2707242,,선덕,"6","23","0","2","3","120000","140000","150000","160000",,Y,,,Y,Y,,Y,Y,Y,Y,,,,Y
5,2707242,,문무,"9","30","0","2","4","150000","170000","180000","190000",,Y,,,Y,Y,,Y,Y,Y,Y,,,,Y
2,3102206,,상현방,"10","33.1","1","2","3","0","0","0","0","* 추가인원 1박당 3만원(영유아도 1인에 포함됩니다)
* 퀸 사이즈 침대 (2인)
* 싱글 토퍼(추가인원 시)준비해 드려요
* 향균매트리스와 호텔식 침구 느티나무 화장대와 의자 ,드라이기, 세면도구,샤워젤,바디로션, 샴푸,트리트먼트,핸드워시가 제공됩니다.
* 식탁과 의자 씽크대, 전자레인지, 전기포트, 토스트기, 냉장고, 차도구가 구비되어있으며 셀프조식(토스트빵, 쥬스,잼, 드립백 커피, 약간의 과일, 스프)이 준비되어 있습니다. 
* 욕실은 반신욕탕이 마련되어 있습니다.",Y,Y,,Y,,,,Y,Y,Y,,Y,Y,Y
3,3102206,,하현방,"8","26.5","1","2","3","0","0","0","0","* 추가인원비용은 1박당 3만원이며 영유아도 1인에 포함됩니다.
* 침실과 주방이 분리되어 있으며 침실은 좌식 슈퍼싱글사이즈 토퍼가 마련되어 있습니다.
* 추가인원은(싱글토퍼)준비해 드려요.
* 식탁과 의자 작은 화장대가 준비되어 있으며, 드라이기, 세면도구, 샤워젤, 바디로션, 샴푸, 트리트먼트, 핸드워시가 제공됩니다. 씽크대와 전자레인지, 전기포트, 토스트기, 냉장고, 차도구가 구비되어 있으며, 셀프조식(토스트빵, 쥬스, 잼, 드립백 커피, 약간의 과일)이 제공됩니다.",Y,Y,,Y,,,,Y,Y,Y,,Y,Y,Y
1,2668037,,문간방,"0","0","0","2","2","70000","0","70000","0",추가인원 불가,Y,,,Y,Y,Y,Y,Y,Y,Y,,Y,Y,Y
2,2668037,,건넌방,"0","0","0","2","2","100000","0","100000","0","추가 인원 1명당 10,000원",Y,,,Y,Y,,Y,Y,Y,Y,,Y,Y,Y
3,2668037,,아래채,"0","0","0","4","4","140000","0","140000","0",추가 인원 1명당 10000원,Y,,,Y,Y,,Y,Y,Y,Y,,Y,Y,Y
1,2663296,,덕인당,"0","0","2","4","8","230000","270000","250000","300000",,Y,,,Y,Y,,,,Y,Y,,Y,,Y
2,2663296,,별채,"0","0","2","4","8","230000","270000","250000","300000",,Y,,,Y,Y,,,,Y,Y,,Y,,Y
3,2663296,,"채실, 승실, 나실","0","0","1","2","4","70000","110000","100000","130000",,Y,,,Y,Y,,,,Y,Y,,,,Y
1,2663065,,"1번방","0","0","1","2","2","100000","120000","120000","120000",,,,,Y,Y,,,Y,,,,,,Y
2,2663065,,"2번방","0","0","1","2","2","80000","90000","90000","90000",,,,,Y,Y,,,Y,,,,,,Y
3,2663065,,"3번방","0","0","1","2","2","100000","120000","120000","120000",,,,,Y,Y,,,Y,,,,,,Y
1,2569237,,은행,"0","0","0","2","5","70000","90000","120000","90000","비수기 금요일 8만원
성수기 휴일 전날은 9만원",Y,,,Y,Y,,Y,Y,Y,,,,,Y
2,2569237,,나무,"0","0","0","2","5","70000","90000","120000","0","비수기 금요일 8만원
성수기 휴일 전날은 9만원",Y,,,Y,Y,,Y,,Y,,,,,Y
3,2569237,,길,"0","0","0","2","5","80000","100000","130000","0","비수기 금요일 9만원
성수기 휴일 전날은 10만원",Y,,,Y,Y,,Y,Y,Y,,,,,Y
1,2572817,,역락재,"0","0","0","2","2","60000","60000","60000","60000",,Y,,,Y,Y,,,Y,Y,,,,,Y
2,2572817,,양진채,"0","0","0","2","4","70000","70000","70000","70000",,Y,,,Y,Y,,,Y,Y,,,,,Y
3,2572817,,별채,"0","0","0","2","4","130000","130000","130000","130000",,Y,,,Y,Y,,,Y,Y,,,,,Y
4,2572817,,경청재,"0","0","0","2","4","70000","70000","70000","70000",,Y,,,Y,Y,,,Y,Y,,,,,Y
1,3102164,,묵지,"6","19.8","1","2","2","0","0","180000","180000",,Y,,,Y,Y,,,Y,Y,Y,,,Y,Y
2,3102164,,서라벌,"8","26.5","1","2","3","0","0","200000","200000",,Y,,,Y,Y,,,Y,Y,Y,,,Y,Y
3,3102164,,해주,"6","19.9","1","2","2","0","0","170000","170000",,Y,,,Y,Y,,,Y,Y,Y,,,Y,Y
4,3102164,,금성,"8","26.5","1","2","3","0","0","190000","190000",,Y,,,Y,Y,,,Y,Y,Y,,,Y,Y
1,2587355,,찰나,"0","0","0","2","3","0","0","0","0",,,,,,,,,,,,,,,
2,2587355,,몽서루,"0","0","0","2","3","0","0","0","0",,,,,,,,,,,,,,,
3,2587355,,여전,"0","0","0","2","3","0","0","0","0",,,,,,,,,,,,,,,
1,2701396,,"쑥부쟁이, 섬초롱","16","53","0","2","8","70000","180000","150000","350000","편의 시설 기타 : 대청마루
기타 : 비수기 금요일 80,000원 / 준성수기 주중 90,000원, 준성수기 금요일 110,000원, 준성수기 주말 260,000원 / 성수기 금요일 170,000원",,,,Y,Y,,,,Y,,Y,Y,Y,
2,2701396,,"물망초, 초롱꽃","16","53","0","4","8","100000","210000","180000","380000","편의 시설 기타 : 대청마루
기타 : 비수기 금요일 110,000원 / 준성수기 주중 120,000원, 준성수기 금요일 140,000원, 준성수기 주말 290,000원 / 성수기 금요일 200,000원",,,,Y,Y,,,,Y,,Y,Y,Y,
3,2701396,,강아지풀,"15","50","0","2","6","60000","160000","130000","330000","편의 시설 기타 : 개별 테라스
기타 : 비수기 금요일 70,000원 / 준성수기 주중 80,000원, 준성수기 금요일 100,000원, 준성수기 주말 250,000원 / 성수기 금요일 150,000원",,,,Y,Y,,,,Y,,Y,Y,Y,
4,2701396,,"하늘나라, 아지랭이","15","50","0","2","4","50000","150000","200000","270000","편의 시설 기타 : 대청마루
기타 : 비수기 금요일 60,000원 / 준성수기 주중 70,000원, 준성수기 금요일 90,000원, 준성수기 주말 200,000원 / 성수기 금요일 260,000원",,,,Y,Y,,,,Y,,Y,Y,Y,
5,2701396,,"가족실, 단체실","24","80","0","6","12","130000","340000","230000","530000","편의 시설 기타 : 대청마루
기타 : 비수기 금요일 160,000원 / 준성수기 주중 160,000원, 준성수기 금요일 200,000원, 준성수기 주말 470,000원 / 성수기 금요일 300,000원",,,,Y,Y,,,,Y,,Y,Y,Y,
1,2696256,,"101호","0","0","0","2","0","100000","120000","120000","140000",,Y,,,Y,Y,,Y,Y,Y,Y,Y,,Y,Y
2,2696256,,"102호","0","0","0","3","4","120000","140000","140000","160000",,Y,,,Y,Y,,Y,Y,Y,Y,,,Y,Y
3,2696256,,"103호","0","0","0","2","3","110000","130000","130000","150000",,Y,,,Y,Y,,Y,Y,Y,Y,Y,,Y,Y
1,2047199,,목련,"18","60","0","4","8","200000","300000","250000","350000",,Y,,,Y,Y,,Y,Y,Y,Y,,Y,Y,Y
2,2047199,,매화,"12","40","0","2","4","130000","200000","180000","250000",,Y,,,Y,Y,,Y,Y,Y,Y,,Y,Y,Y
3,2047199,,연꽃+누마루,"6","20","0","2","4","110000","150000","130000","180000",,Y,,,Y,Y,,Y,Y,Y,Y,,Y,Y,Y
1,2700309,,안채,"0","0","0","6","12","180000","300000","0","0",비수기 금요일 25만원,,,,,Y,,,Y,,,,,Y,Y
2,2700309,,사랑채,"0","0","0","4","6","120000","200000","0","0",비수기 금요일 15만원,,,,,Y,,,Y,,,,,Y,Y
1,3102068,,독채,"4","13.3","1","2","8","260000","420000","0","0",,Y,,,Y,Y,,Y,Y,Y,,,Y,Y,Y
1,2663054,,화백재,"0","0","5","2","2","0","0","0","0",,Y,,Y,Y,Y,Y,Y,Y,Y,Y,,Y,,Y
2,2663054,,유신재,"0","0","5","2","3","0","0","0","0",,Y,,Y,Y,Y,Y,Y,Y,Y,Y,,Y,,Y
3,2663054,,화랑재,"0","0","4","3","4","0","0","0","0",,Y,,Y,Y,Y,Y,Y,Y,Y,Y,,Y,,Y
4,2663054,,선도재,"0","0","1","10","10","0","0","0","0",,Y,,Y,Y,Y,Y,Y,Y,Y,Y,,Y,,Y
1,2662883,,유신,"0","0","0","2","2","80000","110000","80000","110000",커피포트 있음,,,,Y,Y,,,Y,Y,Y,,,,Y
1,2604602,,객실,"0","0","0","2","10","165000","170000","165000","170000",독채 사용 가능,Y,,,Y,,,,Y,Y,Y,,,Y,Y
1,3072218,,"오히, 하나","30","99.06","0","2","8","360000","464000","0","0","※ 위 정보는 2024년 10월에 작성된 정보로(정상요금), 해당 숙박시설 이용요금이 수시로 변동됨에 따라 이용요금 및 기타 자세한 사항은 홈페이지 참조 요망",Y,Y,,Y,Y,,,Y,Y,Y,Y,Y,Y,Y
2,3072218,,"오히, 두울","30","99.06","0","2","8","400000","504000","0","0","※ 위 정보는 2024년 10월에 작성된 정보로(정상요금), 해당 숙박시설 이용요금이 수시로 변동됨에 따라 이용요금 및 기타 자세한 사항은 홈페이지 참조 요망",Y,Y,,Y,Y,,,Y,Y,Y,Y,Y,Y,Y
1,2531281,,바다,"10","33","0","2","4","120000","170000","170000","200000","※ 위 정보는 2024년 10월에 작성된 정보로(정상요금), 해당 숙박시설 이용요금이 수시로 변동됨에 따라 이용요금 및 기타 자세한 사항은 홈페이지 참조 요망",Y,,,Y,,,,,Y,Y,,Y,Y,Y
2,2531281,,백련,"10","33","0","2","4","120000","170000","170000","200000","※ 위 정보는 2024년 10월에 작성된 정보로(정상요금), 해당 숙박시설 이용요금이 수시로 변동됨에 따라 이용요금 및 기타 자세한 사항은 홈페이지 참조 요망",Y,,,Y,,,,,Y,Y,,Y,Y,Y
3,2531281,,구토란,"15","50","0","2","6","150000","220000","220000","250000","※ 위 정보는 2024년 10월에 작성된 정보로(정상요금), 해당 숙박시설 이용요금이 수시로 변동됨에 따라 이용요금 및 기타 자세한 사항은 홈페이지 참조 요망",Y,,,Y,,,,,Y,Y,,Y,Y,Y
2,142894,,코모도 스위트,"31","102.47","0","2","0","0","0","0","0",※ 객실 가격 전화문의 요망,Y,,,Y,Y,,Y,Y,Y,,,,,
3,142894,,임페리얼 스위트 (트윈 / 온돌),"18","59.5","0","2","0","0","0","0","0",※ 객실 가격 전화문의 요망,Y,,,Y,Y,,Y,Y,Y,,,,,
1,2637847,,침대(커플룸),"10","33","18","2","4","60000","80000","80000","100000",※ 위 정보는 2026년 6월에 작성된 정보로 해당 숙박시설 이용 요금이 수시로 변동됨에 따라 이용요금 및 기타 자세한 사항은 홈페이지 참조 요망,Y,,,Y,Y,,,Y,Y,Y,,,Y,Y
2,2637847,"50703",침대(트윈룸),"10","33","16","2","5","70000","90000","90000","110000",※ 위 정보는 2026년 6월에 작성된 정보로 해당 숙박시설 이용 요금이 수시로 변동됨에 따라 이용요금 및 기타 자세한 사항은 홈페이지 참조 요망,Y,,,Y,Y,,,Y,Y,Y,,,Y,Y
3,2637847,"50704",온돌(한실),"10","33","3","2","5","60000","80000","80000","100000",※ 위 정보는 2026년 6월에 작성된 정보로 해당 숙박시설 이용 요금이 수시로 변동됨에 따라 이용요금 및 기타 자세한 사항은 홈페이지 참조 요망,Y,,,Y,Y,,,Y,Y,Y,,,Y,Y
4,2637847,"50705",특실(펜션형),"18","60","4","2","7","110000","130000","150000","180000",※ 위 정보는 2026년 6월에 작성된 정보로 해당 숙박시설 이용 요금이 수시로 변동됨에 따라 이용요금 및 기타 자세한 사항은 홈페이지 참조 요망,Y,,,Y,Y,,,Y,Y,Y,,,Y,Y
5,2637847,"50706",특실(펜션형),"18","60","0","2","7","80000","100000","100000","120000",,Y,,,Y,Y,,,Y,Y,Y,,,,Y
1,2652445,,스탠다드더블,"0",,"22","2","2","0","0","0","0",※ 객실 가격 전화 문의 요망,Y,Y,,Y,Y,,Y,Y,Y,Y,Y,,Y,Y
2,2652445,,스위트,"0",,"9","2","3","0","0","0","0",※ 객실 가격 전화 문의 요망,Y,Y,,Y,Y,,Y,Y,Y,Y,Y,,Y,Y
3,2652445,,패밀리트윈,"0",,"5","2","4","0","0","0","0",※ 객실 가격 전화 문의 요망,Y,Y,,Y,Y,,Y,Y,Y,Y,Y,,Y,Y
4,2652445,,스위트,"10","35.64","0","2","3","138000","168000","250000","250000",,Y,Y,,Y,Y,,Y,Y,Y,Y,Y,,Y,Y
5,2652445,,스위트 테라스,"7","24.8","0","2","3","158000","178000","280000","280000",,Y,Y,,Y,Y,,Y,Y,Y,Y,Y,,Y,Y
1,232286,,패밀리 취사(뷰프리),"0","42.5","50","4","6","202000","243000","287000","342000",※ 위 정보는 2025년 12월에 작성된 정보로 해당 숙박시설 이용 요금이 수시로 변동됨에 따라 이용요금 및 기타 자세한 사항은 홈페이지 참조 요망,Y,,,Y,Y,,,Y,Y,,,Y,Y,Y
2,232286,"12084",패밀리 취사(레이크뷰),"0","42.5","33","4","6","232000","273000","317000","372000",※ 위 정보는 2025년 12월에 작성된 정보로 해당 숙박시설 이용 요금이 수시로 변동됨에 따라 이용요금 및 기타 자세한 사항은 홈페이지 참조 요망,Y,,,Y,Y,,,Y,Y,,,Y,Y,Y
3,232286,"32376",패밀리 취사(펫 프랜들리),"42","42.5","2","4","6","242000","283000","327000","382000",※ 위 정보는 2025년 12월에 작성된 정보로 해당 숙박시설 이용 요금이 수시로 변동됨에 따라 이용요금 및 기타 자세한 사항은 홈페이지 참조 요망,Y,,,Y,Y,,,Y,Y,,,Y,Y,Y
4,232286,"32377",스위트 취사(뷰프리),"0","62.7","19","5","7","233000","274998","339000","402000",※ 위 정보는 2025년 12월에 작성된 정보로 해당 숙박시설 이용 요금이 수시로 변동됨에 따라 이용요금 및 기타 자세한 사항은 홈페이지 참조 요망,Y,,,Y,Y,,,Y,Y,,,Y,Y,Y
5,232286,"12085",스위트 취사(엑세서블),"0","62.7","13","5","7","233000","275000","339000","402000",※ 위 정보는 2025년 12월에 작성된 정보로 해당 숙박시설 이용 요금이 수시로 변동됨에 따라 이용요금 및 기타 자세한 사항은 홈페이지 참조 요망,Y,,,Y,Y,,,Y,Y,,,Y,Y,Y
6,232286,"58093",스위트 취사(펫 프랜들리),"0","62.7","4","5","7","263000","304999","369000","432000",※ 위 정보는 2025년 12월에 작성된 정보로 해당 숙박시설 이용 요금이 수시로 변동됨에 따라 이용요금 및 기타 자세한 사항은 홈페이지 참조 요망,Y,,,Y,Y,,,Y,Y,,,Y,Y,Y
7,232286,"58094",스위트 취사(레이크뷰),"0","42.5","92","3","4","260000","288000","339000","373000",※ 위 정보는 2025년 12월에 작성된 정보로 해당 숙박시설 이용 요금이 수시로 변동됨에 따라 이용요금 및 기타 자세한 사항은 홈페이지 참조 요망,Y,,,Y,Y,,,Y,Y,,,Y,Y,Y
8,232286,"58095",디럭스 스위트A(클린 / 뷰프리),"0","42.5","92","3","4","260000","288000","339000","373000",※ 위 정보는 2025년 12월에 작성된 정보로 해당 숙박시설 이용 요금이 수시로 변동됨에 따라 이용요금 및 기타 자세한 사항은 홈페이지 참조 요망,Y,,,Y,Y,,,Y,Y,,,,Y,Y
9,232286,,디럭스 스위트A(클린 / 레이크뷰),"0","42.5","62","3","4","291000","326000","385000","427000",※ 위 정보는 2025년 12월에 작성된 정보로 해당 숙박시설 이용 요금이 수시로 변동됨에 따라 이용요금 및 기타 자세한 사항은 홈페이지 참조 요망,Y,,,Y,Y,,,Y,Y,,,,Y,Y
10,232286,,디럭스 스위트B(클린 / 뷰프리),"0","62.7","48","4","5","298000","325000","395000","435000",※ 위 정보는 2025년 12월에 작성된 정보로 해당 숙박시설 이용 요금이 수시로 변동됨에 따라 이용요금 및 기타 자세한 사항은 홈페이지 참조 요망,Y,,,Y,Y,,,Y,Y,,,,Y,Y
11,232286,,디럭스 스위트B(클린 / 레이크뷰),"0","62.7","56","4","5","322000","363000","441000","488000",※ 위 정보는 2025년 12월에 작성된 정보로 해당 숙박시설 이용 요금이 수시로 변동됨에 따라 이용요금 및 기타 자세한 사항은 홈페이지 참조 요망,Y,,,Y,Y,,,Y,Y,,,,Y,Y
12,232286,,프리미어 스위트(취사 / 레이크뷰),"0","86.6","14","5","7","509000","582000","772000","858000",※ 위 정보는 2025년 12월에 작성된 정보로 해당 숙박시설 이용 요금이 수시로 변동됨에 따라 이용요금 및 기타 자세한 사항은 홈페이지 참조 요망,Y,,,Y,Y,,,Y,Y,,Y,Y,Y,Y
13,232286,,프레스티지 스위트(취사 / 레이크뷰),"0","107.4","6","6","8","621000","709000","934000","1038000",※ 위 정보는 2025년 12월에 작성된 정보로 해당 숙박시설 이용 요금이 수시로 변동됨에 따라 이용요금 및 기타 자세한 사항은 홈페이지 참조 요망,Y,,,Y,Y,,,Y,Y,,Y,Y,Y,Y
4,142894,,주니어 스위트 (트윈 / 온돌),"13","42.97","0","2","0","0","0","0","0",※ 객실 가격 전화문의 요망,Y,,,Y,Y,,Y,Y,Y,,,,,
5,142894,,슈페리어 온돌,"9","29.75","0","2","0","0","0","0","0",※ 객실 가격 전화문의 요망,Y,,,Y,Y,,Y,Y,Y,,,,,
6,142894,,슈페리어 트리플 패밀리,"9","29.75","0","2","0","0","0","0","0",※ 객실 가격 전화문의 요망,Y,,,Y,Y,,Y,Y,Y,,,,,
7,142894,,임페리얼 스위트 (더블),"18","59.5","0","2","0","0","0","0","0",※ 객실 가격 전화문의 요망,Y,,,Y,Y,,Y,Y,Y,,,,,
1,4072014,,독채,"0","81.86","1","2","4","0","0","0","0","침실 1, 침대 2, 욕실 1\n\n라운지는 화녹의 무드를 가장 깊게 체감할 수 있는 공간입니다.\n\n고급 하이파이 오디오 시스템과 와인잔이 놓인 스테이션이 깊고 안정감 있는 사운드로 공간을 채우고,\n토고 소파에 몸을 기대는 순간, 사운드와 오브제가 겹겹이 쌓여 화녹만의 무드가 비로소 완성됩니다.\n통창을 열면 마당과 라운지가 자연스럽게 이어지고, 자쿠지 벽면에 놓인 현무암이 방습 기능을 더해 공간을 한층 쾌적하게 만들어줍니다. 따뜻한 온기 속에서 몸과 마음을 풀고 온전한 쉼을 느껴보세요.",Y,,Y,Y,Y,Y,Y,Y,Y,Y,Y,Y,Y,Y
1,3337718,,디럭스룸(호수뷰/산뷰),"11","37","279","2","3","0","0","0","0",※ 위 정보는 2026년 06월에 작성된 정보로 해당 숙박시설 이용 요금이 수시로 변동됨에 따라 이용요금 및 기타 자세한 사항은 홈페이지 참조 요망,Y,Y,,Y,Y,,Y,Y,Y,,,,Y,Y
2,3337718,,패밀리룸(호수뷰/산뷰),"13","44","104","4","5","0","0","0","0",※ 위 정보는 2026년 06월에 작성된 정보로 해당 숙박시설 이용 요금이 수시로 변동됨에 따라 이용요금 및 기타 자세한 사항은 홈페이지 참조 요망,Y,Y,,Y,Y,,Y,Y,Y,,,,Y,Y
3,3337718,,핸디캡(호수뷰/산뷰),"11","38.7","13","3","4","0","0","0","0",※ 위 정보는 2026년 06월에 작성된 정보로 해당 숙박시설 이용 요금이 수시로 변동됨에 따라 이용요금 및 기타 자세한 사항은 홈페이지 참조 요망,Y,Y,,Y,Y,,Y,Y,Y,,,,Y,Y
4,3337718,,스위트(호수뷰/산뷰),"23","77.4","31","3","4","0","0","0","0",※ 위 정보는 2026년 06월에 작성된 정보로 해당 숙박시설 이용 요금이 수시로 변동됨에 따라 이용요금 및 기타 자세한 사항은 홈페이지 참조 요망,Y,Y,,Y,Y,,Y,Y,Y,,,,Y,Y
5,3337718,,키즈컨셉룸(레이싱룸/정글룸/리틀프린세스룸),"23","77.4","3","3","4","0","0","512000","0",※ 위 정보는 2026년 06월에 작성된 정보로 해당 숙박시설 이용 요금이 수시로 변동됨에 따라 이용요금 및 기타 자세한 사항은 홈페이지 참조 요망,Y,Y,,Y,Y,,Y,Y,Y,,,,Y,Y
1,3486975,,아방,"0","82","1","2","6","150000","300000","350000","400000",※ 위 정보는 2026년 04월에 작성된 정보로 해당 숙박시설 이용 요금이 수시로 변동됨에 따라 이용요금 및 기타 자세한 사항은 홈페이지 참조 요망,,,Y,Y,Y,Y,Y,Y,Y,Y,Y,Y,Y,Y
2,3486975,,가르드,"0","119","1","2","8","200000","360000","400000","500000",※ 위 정보는 2026년 04월에 작성된 정보로 해당 숙박시설 이용 요금이 수시로 변동됨에 따라 이용요금 및 기타 자세한 사항은 홈페이지 참조 요망,,Y,Y,Y,Y,Y,Y,Y,Y,Y,Y,Y,Y,Y
3,3486975,,더히든독채,"0","145","1","2","10","250000","550000","600000","700000",※ 위 정보는 2026년 04월에 작성된 정보로 해당 숙박시설 이용 요금이 수시로 변동됨에 따라 이용요금 및 기타 자세한 사항은 홈페이지 참조 요망,,,Y,Y,Y,Y,Y,Y,Y,Y,Y,Y,Y,Y
1,3101970,,청운 / 백운,"7","24","2","2","3","130000","180000","130000","180000",※ 위 정보는 2026년 3월에 작성된 정보로 해당 숙박시설 이용요금이 수시로 변동됨에 따라 이용요금 및 기타 자세한 사항은 홈페이지 참조 요망,Y,,,Y,Y,,,Y,Y,Y,,,Y,Y
2,3101970,,연화,"10","34","1","3","4","180000","220000","180000","230000",※ 위 정보는 2026년 3월에 작성된 정보로 해당 숙박시설 이용요금이 수시로 변동됨에 따라 이용요금 및 기타 자세한 사항은 홈페이지 참조 요망,Y,,,Y,Y,,,Y,Y,Y,,,Y,Y
1,3354917,,KINOCK PREMIER,"16","53.8","0","2","2","0","0","0","0",※ 위 정보는 2025년 11월에 작성된 정보로 해당 숙박시설 이용 요금이 수시로 변동됨에 따라 이용요금 및 기타 자세한 사항은 홈페이지 참조 요망,Y,,,Y,Y,,,Y,Y,Y,,,,Y
2,3354917,,KINOCK SUITE,"28","92.5","0","2","4","0","0","0","0",※ 위 정보는 2025년 11월에 작성된 정보로 해당 숙박시설 이용 요금이 수시로 변동됨에 따라 이용요금 및 기타 자세한 사항은 홈페이지 참조 요망,Y,,,Y,Y,,,Y,Y,Y,,,,Y
3,3354917,,KINOCK DELUXE B,"13","45.6","0","2","4","0","0","0","0",※ 위 정보는 2025년 11월에 작성된 정보로 해당 숙박시설 이용 요금이 수시로 변동됨에 따라 이용요금 및 기타 자세한 사항은 홈페이지 참조 요망,Y,,,Y,Y,,,Y,Y,Y,,,,Y
4,3354917,,KINOCK SIGNATURE,"13","45.6","0","2","2","0","0","0","0",※ 위 정보는 2025년 11월에 작성된 정보로 해당 숙박시설 이용 요금이 수시로 변동됨에 따라 이용요금 및 기타 자세한 사항은 홈페이지 참조 요망,Y,,,Y,Y,,,Y,Y,Y,,,,Y
5,3354917,,KINOCK DELUXE A,"13","45.6","0","2","4","0","0","0","0",※ 위 정보는 2025년 11월에 작성된 정보로 해당 숙박시설 이용 요금이 수시로 변동됨에 따라 이용요금 및 기타 자세한 사항은 홈페이지 참조 요망,Y,,,Y,Y,,,Y,Y,Y,,,,Y
1,3468318,,인,"0","26","1","2","4","130000","130000","180000","180000",※ 위 정보는 2025년 09월에 작성된 정보로 해당 숙박시설 이용 요금이 수시로 변동됨에 따라 이용요금 및 기타 자세한 사항은 홈페이지 참조 요망,,,,Y,Y,,Y,Y,Y,Y,,,Y,Y
2,3468318,,채비가,"0","26","1","2","4","130000","130000","180000","180000",※ 위 정보는 2025년 09월에 작성된 정보로 해당 숙박시설 이용 요금이 수시로 변동됨에 따라 이용요금 및 기타 자세한 사항은 홈페이지 참조 요망,,,,Y,Y,,Y,Y,Y,Y,,,Y,Y
3,3468318,,해든,"0","26","1","2","4","140000","140000","200000","200000",※ 위 정보는 2025년 09월에 작성된 정보로 해당 숙박시설 이용 요금이 수시로 변동됨에 따라 이용요금 및 기타 자세한 사항은 홈페이지 참조 요망,,,,Y,Y,,Y,Y,Y,Y,,,Y,Y
1,138363,"12347",스탠다드 A,"17","58.85","40","4","5","211000","211000","211000","211000","※ 위 정보는 2024년 05월에 작성된 정보로(정상요금), 해당 숙박시설 이용요금이 수시로 변동됨에 따라 이용요금 및 기타 자세한 사항은 홈페이지 참조 요망",Y,,,Y,Y,,,,Y,,Y,Y,,Y
2,138363,"12350",로얄 스위트,"35","117.71","8","7","9","436000","436000","436000","436000","※ 위 정보는 2024년 05월에 작성된 정보로(정상요금), 해당 숙박시설 이용요금이 수시로 변동됨에 따라 이용요금 및 기타 자세한 사항은 홈페이지 참조 요망",Y,,,Y,Y,,,,Y,,Y,Y,Y,Y
3,138363,"12348",스탠다드 B,"19","63.85","34","4","5","236000","236000","236000","236000","※ 위 정보는 2024년 05월에 작성된 정보로(정상요금), 해당 숙박시설 이용요금이 수시로 변동됨에 따라 이용요금 및 기타 자세한 사항은 홈페이지 참조 요망",Y,,,Y,Y,,,,Y,,Y,Y,Y,Y
4,138363,"12349",골드 스위트,"28","93","38","5","7","348000","348000","348000","348000","※ 위 정보는 20234년 05월에 작성된 정보로(정상요금), 해당 숙박시설 이용요금이 수시로 변동됨에 따라 이용요금 및 기타 자세한 사항은 홈페이지 참조 요망",,,,Y,Y,,,,Y,,Y,Y,Y,Y
1,142894,,슈페리어 쿼드,"9","29.75","0","2","0","0","0","0","0",※ 객실 가격 전화문의 요망,Y,,,Y,Y,,Y,Y,Y,,,,,
8,142894,,슈페리어 더블,"8","27.76","0","2","0","0","0","0","0",※ 객실 가격 전화문의 요망,Y,,,Y,Y,,Y,Y,Y,,,,,
9,142894,,디럭스 더블 트윈,"9","29.75","0","2","0","0","0","0","0",※ 객실 가격 전화문의 요망,Y,,,Y,Y,,Y,Y,Y,,,,,
10,142894,,프레지던트 박 스위트,"81","268","0","2","0","0","0","0","0",※ 객실 가격 전화문의 요망,Y,,,Y,Y,,Y,Y,Y,,,,,
11,142894,,슈페리어 패밀리 트윈,"9","29.75","0","2","0","0","0","0","0",※ 객실 가격 전화문의 요망,Y,,,Y,Y,,Y,Y,Y,,,,,
12,142894,,디럭스 더블 / 디럭스 패밀리 트윈,"9","29.75","0","2","0","0","0","0","0",※ 객실 가격 전화문의 요망,Y,,,Y,Y,,Y,Y,Y,,,,,
1,2531372,,백결 / 낙안 / 비형,"7","24","0","2","4","140000","170000","170000","170000",※ 위 정보는 2026년 02월에 작성된 정보로 해당 숙박시설 이용 요금이 수시로 변동됨에 따라 이용요금 및 기타 자세한 사항은 홈페이지 참조 요망,,,,Y,Y,,,Y,Y,Y,,,,Y
2,2531372,,계림 / 옥적 / 금오,"6","19.8","0","2","2","110000","140000","140000","140000",※ 위 정보는 2026년 02월에 작성된 정보로 해당 숙박시설 이용 요금이 수시로 변동됨에 따라 이용요금 및 기타 자세한 사항은 홈페이지 참조 요망,,,,Y,,,,Y,Y,Y,,,,Y
3,2531372,,도솔 / 선화,"7","23.1","0","2","4","130000","160000","160000","160000",※ 위 정보는 2026년 02월에 작성된 정보로 해당 숙박시설 이용 요금이 수시로 변동됨에 따라 이용요금 및 기타 자세한 사항은 홈페이지 참조 요망,,,,Y,Y,,,Y,Y,Y,,,,Y
4,2531372,,천마,"15","49.6","0","3","6","210000","260000","260000","260000",※ 위 정보는 2026년 02월에 작성된 정보로 해당 숙박시설 이용 요금이 수시로 변동됨에 따라 이용요금 및 기타 자세한 사항은 홈페이지 참조 요망,,,,Y,Y,,,Y,Y,Y,,,,Y
1,142892,,주니어 스위트,"51","115","0","2","4","0","0","0","0",※ 객실 가격 전화문의 요망,Y,,,Y,Y,,Y,Y,Y,Y,Y,,Y,Y
2,142892,,프리미엄 트윈 메이플 스위트,"62","204","0","2","4","0","0","0","0",※ 객실 가격 전화문의 요망,Y,Y,,Y,Y,,Y,Y,Y,Y,Y,,Y,Y
3,142892,,킹 이그제큐티브 스위트,"0","0","1","2","4","0","0","0","0",※ 객실 가격 전화문의 요망,Y,Y,,,Y,Y,Y,Y,Y,Y,Y,,Y,Y
4,142892,,디럭스 패밀리,"35","115","0","2","3","0","0","0","0",※ 객실 가격 전화문의 요망,Y,,,Y,Y,,Y,Y,Y,Y,,,Y,Y
5,142892,,레지덴셜 스위트,"62","204","0","2","4","0","0","0","0",※ 객실 가격 전화문의 요망,Y,Y,,Y,Y,,Y,Y,Y,Y,Y,,Y,Y
6,142892,,주니어 온돌 스위트,"47","155","0","2","4","0","0","0","0",※ 객실 가격 전화문의 요망,Y,Y,,Y,Y,,Y,Y,Y,Y,Y,,Y,Y
7,142892,,트윈 이그제큐티브 스위트,"0","0","1","2","4","0","0","0","0",※ 객실 가격 전화문의 요망,Y,Y,,,Y,Y,Y,Y,Y,Y,Y,,Y,Y
8,142892,,디럭스룸(더블/트윈),"35","115","0","2","2","0","0","0","0",※ 객실 가격 전화문의 요망,Y,,,Y,Y,,Y,Y,Y,Y,,,Y,Y
9,142892,,패밀리 스위트,"62","204","0","2","4","0","0","0","0",※ 객실 가격 전화문의 요망,Y,Y,,Y,Y,,Y,Y,Y,Y,Y,,Y,Y
10,142892,,트리플 패밀리,"35","115","0","2","3","0","0","0","0",※ 객실 가격 전화문의 요망,Y,,,Y,Y,,Y,Y,Y,Y,,,Y,Y
11,142892,,로얄 이그제큐티브 스위트,"0","0","1","2","4","0","0","0","0",※ 객실 가격 전화문의 요망,Y,Y,,,Y,Y,Y,Y,Y,Y,Y,,Y,Y
12,142892,,킹 이그제큐티브 프리미엄 스위트,"0","0","1","2","4","0","0","0","0",※ 객실 가격 전화문의 요망,Y,Y,,,Y,Y,Y,Y,Y,Y,Y,,Y,Y
13,142892,,온돌,"35","115","0","2","3","0","0","0","0",※ 객실 가격 전화문의 요망,Y,,,Y,Y,,Y,Y,Y,Y,,,Y,Y
14,142892,,더블 패밀리,"35","115","0","2","4","0","0","0","0",※ 객실 가격 전화문의 요망,Y,,,Y,Y,,Y,Y,Y,Y,,,Y,Y
15,142892,,에스페로 이그제큐티브 스위트,"138","455","1","2","4","0","0","0","0",※ 객실 가격 전화문의 요망,Y,Y,,Y,Y,,Y,Y,Y,Y,Y,,Y,Y
1,143006,,온돌트윈,"0","29","49","2","3","0","0","0","0",※ 객실요금은 홈페이지 참조 또는 전화 문의 요망,Y,,,Y,Y,,Y,Y,Y,,Y,,Y,
2,143006,,프리미어스위트,"0","62","15","2","4","0","0","0","0",※ 객실요금은 홈페이지 참조 또는 전화 문의 요망,Y,Y,,Y,Y,,Y,Y,Y,Y,Y,,Y,Y
3,143006,,디럭스트윈,"0","31","91","2","3","0","0","0","0",※ 객실요금은 홈페이지 참조 또는 전화 문의 요망,Y,Y,,Y,Y,,Y,Y,Y,Y,Y,,Y,Y
4,143006,,키즈룸,"0","62","3","3","4","0","0","0","0",※ 객실요금은 홈페이지 참조 또는 전화 문의 요망,Y,Y,,Y,Y,,Y,Y,Y,Y,Y,,Y,Y
5,143006,,펫객실,"0","29","10","3","3","0","0","0","0",※ 객실요금은 홈페이지 참조 또는 전화 문의 요망,Y,Y,,Y,Y,,Y,Y,Y,Y,Y,,Y,Y
6,143006,,온돌트윈패밀리,"0","29","4","2","4","0","0","0","0",※ 객실요금은 홈페이지 참조 또는 전화 문의 요망,Y,Y,,Y,Y,,Y,Y,Y,Y,Y,,Y,Y
1,136641,,그랜드 스위트,"0","204","2","8","9","539900","659900","579900","739900",※ 위 정보는 2025년 01월에 작성된 정보로 해당 숙박시설 이용 요금이 수시로 변동됨에 따라 이용요금 및 기타 자세한 사항은 홈페이지 참조 요망,Y,Y,,Y,Y,,Y,Y,Y,,Y,,Y,Y
2,136641,,켄싱턴 주니어 스위트,"0","102","31","6","8","209900","359900","289900","379900",※ 위 정보는 2025년 01월에 작성된 정보로 해당 숙박시설 이용 요금이 수시로 변동됨에 따라 이용요금 및 기타 자세한 사항은 홈페이지 참조 요망,Y,,,Y,Y,,Y,Y,,,Y,,Y,Y
3,136641,,켄싱턴 디럭스 플러스,"0","69","60","4","4","179900","259900","209900","279900",※ 위 정보는 2025년 01월에 작성된 정보로 해당 숙박시설 이용 요금이 수시로 변동됨에 따라 이용요금 및 기타 자세한 사항은 홈페이지 참조 요망,,,,Y,Y,,Y,Y,Y,,Y,,Y,Y
4,136641,,켄싱턴 디럭스,"0","69","29","4","4","169900","239900","199900","269900",※ 위 정보는 2025년 01월에 작성된 정보로 해당 숙박시설 이용 요금이 수시로 변동됨에 따라 이용요금 및 기타 자세한 사항은 홈페이지 참조 요망,,,,Y,Y,,Y,,Y,,Y,,Y,Y
5,136641,,켄싱턴 스튜디오 플러스,"0","102","29","3","3","169900","0","199900","0",※ 위 정보는 2025년 01월에 작성된 정보로 해당 숙박시설 이용 요금이 수시로 변동됨에 따라 이용요금 및 기타 자세한 사항은 홈페이지 참조 요망,Y,,,Y,Y,,Y,Y,,,Y,,Y,Y
6,136641,,켄싱턴 스튜디오,"0","102","16","2","2","159900","229900","189900","239900",※ 위 정보는 2025년 01월에 작성된 정보로 해당 숙박시설 이용 요금이 수시로 변동됨에 따라 이용요금 및 기타 자세한 사항은 홈페이지 참조 요망,Y,,,Y,Y,,Y,Y,Y,,Y,,Y,Y
7,136641,,주니어 스위트 키즈 코코몽,"0","102","20","6","9","189900","309900","269900","339900",※ 위 정보는 2025년 01월에 작성된 정보로 해당 숙박시설 이용 요금이 수시로 변동됨에 따라 이용요금 및 기타 자세한 사항은 홈페이지 참조 요망,Y,,,Y,Y,,Y,Y,Y,,Y,,Y,Y
1,142893,,자미원,"0","446","1","4","4","30000000","30000000","30000000","30000000",※ 위 정보는 2025년 11월에 작성된 정보로 해당 숙박시설 이용 요금이 수시로 변동됨에 따라 이용요금 및 기타 자세한 사항은 홈페이지 참조 요망,Y,Y,Y,Y,Y,,,Y,Y,Y,Y,,Y,Y
2,142893,,임페리얼 스위트 3,"0","79","1","6","8","3630000","3630000","3630000","3630000",※ 위 정보는 2025년 11월에 작성된 정보로 해당 숙박시설 이용 요금이 수시로 변동됨에 따라 이용요금 및 기타 자세한 사항은 홈페이지 참조 요망,Y,Y,,Y,Y,,,Y,Y,Y,Y,,Y,Y
3,142893,,임페리얼  스위트 2,"0","106","1","4","4","3025000","3025000","3025000","3025000",※ 위 정보는 2025년 11월에 작성된 정보로 해당 숙박시설 이용 요금이 수시로 변동됨에 따라 이용요금 및 기타 자세한 사항은 홈페이지 참조 요망,Y,Y,,Y,Y,,,Y,Y,Y,Y,,Y,Y
4,142893,,리틀챔피언 A,"0","26","1","4","4","798600","798600","798600","798600",※ 위 정보는 2025년 11월에 작성된 정보로 해당 숙박시설 이용 요금이 수시로 변동됨에 따라 이용요금 및 기타 자세한 사항은 홈페이지 참조 요망,Y,,,Y,Y,,,Y,Y,Y,,,,Y
5,142893,,이그제큐티브 슈퍼트윈,"0","26","10","2","4","834900","834900","834900","834900",※ 위 정보는 2025년 11월에 작성된 정보로 해당 숙박시설 이용 요금이 수시로 변동됨에 따라 이용요금 및 기타 자세한 사항은 홈페이지 참조 요망,Y,,,Y,Y,,,Y,Y,Y,,,,Y
6,142893,,이그제큐티브 더블,"0","26","5","2","2","798600","798600","798600","798600",※ 위 정보는 2025년 11월에 작성된 정보로 해당 숙박시설 이용 요금이 수시로 변동됨에 따라 이용요금 및 기타 자세한 사항은 홈페이지 참조 요망,Y,,,Y,Y,,,Y,Y,,,,,Y
7,142893,,이그제큐티브 스위트,"0","50","9","2","4","907500","907500","907500","907500",※ 위 정보는 2025년 11월에 작성된 정보로 해당 숙박시설 이용 요금이 수시로 변동됨에 따라 이용요금 및 기타 자세한 사항은 홈페이지 참조 요망,Y,Y,,Y,Y,,,Y,Y,Y,Y,,Y,Y
1,2017064,,디럭스 더블룸,"0","0","0","2","2","96000","165000","133000","185000",※ 위 정보는 2025년 12월에 작성된 정보로 해당 숙박시설 이용 요금이 수시로 변동됨에 따라 이용요금 및 기타 자세한 사항은 홈페이지 참조 요망,Y,,,Y,Y,,Y,Y,Y,Y,Y,,,Y
2,2017064,,더블룸(A),"0","0","0","2","2","73000","139000","93000","159000",※ 위 정보는 2025년 12월에 작성된 정보로 해당 숙박시설 이용 요금이 수시로 변동됨에 따라 이용요금 및 기타 자세한 사항은 홈페이지 참조 요망,Y,,,Y,Y,,Y,Y,Y,Y,,,Y,Y
3,2017064,,패밀리 트윈룸,"0","0","0","3","4","123000","189000","143000","199000",※ 위 정보는 2025년 12월에 작성된 정보로 해당 숙박시설 이용 요금이 수시로 변동됨에 따라 이용요금 및 기타 자세한 사항은 홈페이지 참조 요망,Y,,,Y,Y,,Y,Y,Y,Y,,,Y,Y
4,2017064,,더블룸(B),"0","0","0","2","2","83000","149000","103000","169000",※ 위 정보는 2025년 12월에 작성된 정보로 해당 숙박시설 이용 요금이 수시로 변동됨에 따라 이용요금 및 기타 자세한 사항은 홈페이지 참조 요망,Y,,,Y,Y,,Y,Y,Y,Y,,,Y,Y
5,2017064,,트윈룸,"0","0","0","2","2","83000","149000","103000","168998",※ 위 정보는 2025년 12월에 작성된 정보로 해당 숙박시설 이용 요금이 수시로 변동됨에 따라 이용요금 및 기타 자세한 사항은 홈페이지 참조 요망,Y,,,Y,Y,,Y,Y,Y,Y,,,Y,Y
6,2017064,,온돌룸,"0","0","0","2","3","73000","139000","93000","159000",※ 위 정보는 2025년 12월에 작성된 정보로 해당 숙박시설 이용 요금이 수시로 변동됨에 따라 이용요금 및 기타 자세한 사항은 홈페이지 참조 요망,Y,,,Y,Y,,Y,Y,Y,Y,,,Y,Y
1,1873982,,프리미엄 디럭스베드,"0","0","0","3","4","0","0","0","0",※ 위 정보는 2025년 11월에 작성된 정보로 해당 숙박시설 이용 요금이 수시로 변동됨에 따라 이용요금 및 기타 자세한 사항은 전화 문의 요망,,Y,,Y,Y,,Y,Y,Y,Y,,,,Y
2,1873982,,프리미엄 트윈베드,"0","0","0","2","3","0","0","0","0",※ 위 정보는 2025년 11월에 작성된 정보로 해당 숙박시설 이용 요금이 수시로 변동됨에 따라 이용요금 및 기타 자세한 사항은 전화 문의 요망,,Y,,Y,Y,,Y,Y,Y,Y,,,Y,Y
3,1873982,,프리미엄 키즈 스위트,"0","0","0","4","5","0","0","0","0",※ 위 정보는 2025년 11월에 작성된 정보로 해당 숙박시설 이용 요금이 수시로 변동됨에 따라 이용요금 및 기타 자세한 사항은 전화 문의 요망,,,,Y,Y,,Y,Y,Y,Y,,,Y,Y
4,1873982,,프리미엄 코너 스위트6인,"0","0","0","6","8","0","0","0","0",※ 위 정보는 2025년 11월에 작성된 정보로 해당 숙박시설 이용 요금이 수시로 변동됨에 따라 이용요금 및 기타 자세한 사항은 전화 문의 요망,,Y,,Y,Y,,Y,Y,Y,Y,Y,,Y,Y
5,1873982,,프리미엄 키즈 디럭스,"0","0","0","3","4","0","0","0","0",※ 위 정보는 2025년 11월에 작성된 정보로 해당 숙박시설 이용 요금이 수시로 변동됨에 따라 이용요금 및 기타 자세한 사항은 전화 문의 요망,,,,Y,Y,,Y,Y,Y,Y,,,Y,Y
6,1873982,,프리미엄 코너 스위트4인,"0","0","0","4","5","0","0","0","0",※ 위 정보는 2025년 11월에 작성된 정보로 해당 숙박시설 이용 요금이 수시로 변동됨에 따라 이용요금 및 기타 자세한 사항은 전화 문의 요망,,,,Y,Y,,Y,Y,Y,Y,Y,,Y,Y
7,1873982,,프리미엄 더블베드,"0","0","0","2","3","0","0","0","0",※ 위 정보는 2025년 11월에 작성된 정보로 해당 숙박시설 이용 요금이 수시로 변동됨에 따라 이용요금 및 기타 자세한 사항은 전화 문의 요망,,Y,,Y,Y,,Y,Y,Y,Y,,,Y,Y
4,2531281,,소나무,"10","33","0","2","4","120000","170000","170000","200000","※ 위 정보는 2024년 10월에 작성된 정보로(정상요금), 해당 숙박시설 이용요금이 수시로 변동됨에 따라 이용요금 및 기타 자세한 사항은 홈페이지 참조 요망",Y,,,Y,,,,,Y,Y,,Y,Y,Y
5,2531281,,다완,"10","33","0","2","4","120000","170000","170000","200000","※ 위 정보는 2024년 10월에 작성된 정보로(정상요금), 해당 숙박시설 이용요금이 수시로 변동됨에 따라 이용요금 및 기타 자세한 사항은 홈페이지 참조 요망",Y,,,Y,,,,,Y,Y,,Y,Y,Y
1,3102067,,독채,"25","82.7","1","2","4","320000","380000","420000","480000","아늑한 인테리어, 취사가 가능한 미니 키친 시설, 특급 서비스가 겸비된 슈페리어 객실은 실속형 여행객은 물론 장기 투숙객에게 안성맞춤인 객실입니다.",Y,,,Y,Y,,Y,Y,Y,Y,,,Y,Y
1,3106623,,남산 : 황룡 : 오릉,"0","0","1","2","3","120000","0","0","0",,Y,,,Y,Y,,Y,Y,Y,Y,,,,Y
2,3106623,,알천,"0","0","1","2","3","120000","0","0","0",,Y,,,Y,Y,,Y,Y,Y,Y,,,Y,Y
3,3106623,,포석정,"0","0","1","2","4","149000","179000","0","0",,Y,,,Y,Y,,Y,Y,Y,Y,,,,Y
4,3106623,,계림,"0","0","1","2","2","130000","155000","0","0",,Y,,,Y,Y,,Y,Y,Y,Y,,,,Y
5,3106623,,반월성,"0","0","1","2","3","149000","179000","0","0",,Y,,,Y,Y,,Y,Y,Y,Y,,,,Y
1,3049878,,트윈베드,"0","0","0","0","0","0","0","0","0",,Y,Y,,Y,Y,Y,,,,,Y,,Y,
